{
  "speaker_id": "speaker_1",
  "interaction_count": 21,
  "last_interaction_time": "2025-05-05T23:27:18.053301",
  "common_intents": {},
  "average_confidence": 1.0,
  "conversation_history": [
    {
      "conversation_index": 10,
      "timestamp": "2025-05-05T22:28:30.556772",
      "start_time": 0.0,
      "end_time": 3.0,
      "confidence": 1.0,
      "transcript": "Hey, how was your day to day?"
    },
    {
      "conversation_index": 10,
      "timestamp": "2025-05-05T22:28:30.573213",
      "start_time": 3.0,
      "end_time": 6.0,
      "confidence": 1.0,
      "transcript": "It was pretty good. How about you?"
    },
    {
      "conversation_index": 10,
      "timestamp": "2025-05-05T22:28:30.585206",
      "start_time": 6.0,
      "end_time": 9.0,
      "confidence": 1.0,
      "transcript": "Pretty good. I had some chickful either day."
    },
    {
      "conversation_index": 10,
      "timestamp": "2025-05-05T22:28:30.615870",
      "start_time": 12.0,
      "end_time": 15.0,
      "confidence": 1.0,
      "transcript": "Yeah, it was. Alright, bye."
    },
    {
      "conversation_index": 10,
      "timestamp": "2025-05-05T22:28:30.628364",
      "start_time": 15.0,
      "end_time": 17.0,
      "confidence": 1.0,
      "transcript": "Bye."
    },
    {
      "conversation_index": 11,
      "timestamp": "2025-05-05T22:34:34.984815",
      "start_time": 4.0,
      "end_time": 6.0,
      "confidence": 1.0,
      "transcript": "Good, how are you?"
    },
    {
      "conversation_index": 11,
      "timestamp": "2025-05-05T22:34:35.013911",
      "start_time": 23.0,
      "end_time": 27.0,
      "confidence": 1.0,
      "transcript": "That is a very weather dependent activity."
    },
    {
      "conversation_index": 11,
      "timestamp": "2025-05-05T22:34:35.017914",
      "start_time": 27.0,
      "end_time": 33.0,
      "confidence": 1.0,
      "transcript": "You're right, I guess I won't run, I guess I'll just stay fat forever."
    },
    {
      "conversation_index": 1,
      "timestamp": "2025-05-05T22:56:37.059771",
      "start_time": 8.0,
      "end_time": 13.0,
      "confidence": 1.0,
      "transcript": "I'm doing excellent. How is the weather today?"
    },
    {
      "conversation_index": 1,
      "timestamp": "2025-05-05T22:56:37.085484",
      "start_time": 23.0,
      "end_time": 27.0,
      "confidence": 1.0,
      "transcript": "What else did you have for dinner?"
    },
    {
      "conversation_index": 2,
      "timestamp": "2025-05-05T23:08:22.883906",
      "start_time": 7.0,
      "end_time": 12.0,
      "confidence": 1.0,
      "transcript": "It is summer break, but we're going to have fun."
    },
    {
      "conversation_index": 2,
      "timestamp": "2025-05-05T23:08:22.904955",
      "start_time": 18.0,
      "end_time": 20.0,
      "confidence": 1.0,
      "transcript": "Let's go to the park."
    },
    {
      "conversation_index": 3,
      "timestamp": "2025-05-05T23:19:45.233236",
      "start_time": 0.0,
      "end_time": 9.0,
      "confidence": 1.0,
      "transcript": "Hey Archie, how was school today? School was very exciting and educational. How about you?"
    },
    {
      "conversation_index": 3,
      "timestamp": "2025-05-05T23:19:45.233236",
      "start_time": 9.0,
      "end_time": 15.0,
      "confidence": 1.0,
      "transcript": "It was pretty fun. Alright, bye."
    },
    {
      "conversation_index": 4,
      "timestamp": "2025-05-05T23:21:33.414910",
      "start_time": 0.0,
      "end_time": 7.0,
      "confidence": 1.0,
      "transcript": "Hmm, I wonder what's going on here."
    },
    {
      "conversation_index": 4,
      "timestamp": "2025-05-05T23:21:33.418737",
      "start_time": 7.0,
      "end_time": 8.0,
      "confidence": 1.0,
      "transcript": "I wonder."
    },
    {
      "conversation_index": 4,
      "timestamp": "2025-05-05T23:21:33.418737",
      "start_time": 8.0,
      "end_time": 10.0,
      "confidence": 1.0,
      "transcript": "I wonder."
    },
    {
      "conversation_index": 4,
      "timestamp": "2025-05-05T23:21:33.424487",
      "start_time": 10.0,
      "end_time": 11.0,
      "confidence": 1.0,
      "transcript": "Is it?"
    },
    {
      "conversation_index": 5,
      "timestamp": "2025-05-05T23:25:23.306769",
      "start_time": 8.0,
      "end_time": 11.0,
      "confidence": 1.0,
      "transcript": "Because then I could eat all the bread."
    },
    {
      "conversation_index": 5,
      "timestamp": "2025-05-05T23:25:23.306769",
      "start_time": 11.0,
      "end_time": 13.0,
      "confidence": 1.0,
      "transcript": "Ha ha ha ha ha ha ha."
    },
    {
      "conversation_index": 6,
      "timestamp": "2025-05-05T23:27:18.053301",
      "start_time": 26.0,
      "end_time": 33.0,
      "confidence": 1.0,
      "transcript": "I'm gonna give you a better look."
    }
  ],
  "embedding_index": 0,
  "embedding": [
    -0.9099721908569336,
    -0.3299943208694458,
    0.04846693202853203,
    0.06429413706064224,
    0.0820043683052063,
    0.046148933470249176,
    0.05938621237874031,
    0.08043105155229568,
    -0.026905927807092667,
    0.0267157182097435,
    0.024190863594412804,
    -0.05201566219329834,
    -0.04891667887568474,
    0.04816560447216034,
    0.01740296185016632,
    0.03653426468372345,
    -0.04164987802505493,
    0.017173605039715767,
    -0.027801556512713432,
    -0.002329920418560505,
    0.008889987133443356,
    0.050352681428194046,
    0.0021085364278405905,
    0.06967215985059738,
    -0.004290535114705563,
    0.02616945095360279,
    0.01901441439986229,
    0.0320468507707119,
    -0.02011360600590706,
    -0.005547092761844397,
    -0.005444522015750408,
    0.01147520262748003,
    -0.011470199562609196,
    0.025634566321969032,
    0.010699993930757046,
    -0.005248804576694965,
    -0.016650114208459854,
    -0.009604532271623611,
    0.009648190811276436,
    0.0234025027602911,
    0.09720852971076965,
    -0.030175959691405296,
    0.0008232472464442253,
    -0.001755156321451068,
    -0.004122775048017502,
    0.0018520498415455222,
    0.013957536779344082,
    0.003554531140252948,
    -0.007092498708516359,
    -0.004101622384041548,
    0.0004970370791852474,
    -0.003710300661623478,
    -0.0039038807153701782,
    0.0029760946054011583,
    -0.015092215500772,
    -0.0018008312908932567,
    -0.003856989089399576,
    -0.001621629809960723,
    -0.006036658305674791,
    0.0013875395525246859,
    -0.0024630341213196516,
    0.011928639374673367,
    0.0054132272489368916,
    -0.003543570637702942,
    -0.004429632797837257,
    -0.011258626356720924,
    -0.014402800239622593,
    -0.0003639001806732267,
    -0.0022138035856187344,
    -0.005027418024837971,
    -0.0027144786436110735,
    -0.011326110921800137,
    -0.0014390122378244996,
    0.0025651599280536175,
    -0.0032278343569487333,
    -0.0003102461632806808,
    0.0013392081018537283,
    0.0012833200162276626,
    -0.0033621639013290405,
    -0.0020230496302247047
  ],
  "spoken_to_count": 6,
  "not_spoken_to_count": 7
}