{
  "speaker_id": "speaker_0",
  "interaction_count": 68,
  "last_interaction_time": "2025-05-05T23:27:18.090071",
  "common_intents": {},
  "average_confidence": 1.0,
  "conversation_history": [
    {
      "conversation_index": 1,
      "timestamp": "2025-05-05T21:25:11.920567",
      "start_time": 18.0,
      "end_time": 20.0,
      "confidence": 1.0,
      "transcript": " Work."
    },
    {
      "conversation_index": 1,
      "timestamp": "2025-05-05T21:34:17.686273",
      "start_time": 0.0,
      "end_time": 16.0,
      "confidence": 1.0,
      "transcript": " Hello? Is it me or looking for? Hello? Is it me or looking for?"
    },
    {
      "conversation_index": 1,
      "timestamp": "2025-05-05T21:34:17.693182",
      "start_time": 16.0,
      "end_time": 18.0,
      "confidence": 1.0,
      "transcript": " Alright."
    },
    {
      "conversation_index": 1,
      "timestamp": "2025-05-05T21:40:03.024616",
      "start_time": 0.0,
      "end_time": 6.66,
      "confidence": 1.0,
      "transcript": " Amazing this I'm so glad this works now"
    },
    {
      "conversation_index": 1,
      "timestamp": "2025-05-05T21:45:12.753720",
      "start_time": 0.0,
      "end_time": 6.0,
      "confidence": 1.0,
      "transcript": " Testing, testing, one, two, three."
    },
    {
      "conversation_index": 1,
      "timestamp": "2025-05-05T21:45:12.760330",
      "start_time": 6.0,
      "end_time": 12.0,
      "confidence": 1.0,
      "transcript": " Testing, testing, one, two, three."
    },
    {
      "conversation_index": 1,
      "timestamp": "2025-05-05T21:48:27.027170",
      "start_time": 0.0,
      "end_time": 5.0,
      "confidence": 1.0,
      "transcript": " Checking Restructured."
    },
    {
      "conversation_index": 1,
      "timestamp": "2025-05-05T21:48:27.034179",
      "start_time": 5.0,
      "end_time": 8.0,
      "confidence": 1.0,
      "transcript": " Checking Restructured."
    },
    {
      "conversation_index": 1,
      "timestamp": "2025-05-05T21:48:27.040174",
      "start_time": 8.0,
      "end_time": 10.0,
      "confidence": 1.0,
      "transcript": " One, two, three."
    },
    {
      "conversation_index": 9,
      "timestamp": "2025-05-05T22:22:35.000480",
      "start_time": 0.0,
      "end_time": 2.0,
      "confidence": 1.0,
      "transcript": "I'm sorry."
    },
    {
      "conversation_index": 9,
      "timestamp": "2025-05-05T22:22:35.017493",
      "start_time": 2.0,
      "end_time": 4.5,
      "confidence": 1.0,
      "transcript": "Hey, I was weather today."
    },
    {
      "conversation_index": 9,
      "timestamp": "2025-05-05T22:22:35.038296",
      "start_time": 4.5,
      "end_time": 7.0,
      "confidence": 1.0,
      "transcript": "The weather was pretty hot."
    },
    {
      "conversation_index": 9,
      "timestamp": "2025-05-05T22:22:35.051295",
      "start_time": 7.0,
      "end_time": 10.0,
      "confidence": 1.0,
      "transcript": "Wow, that's amazing."
    },
    {
      "conversation_index": 9,
      "timestamp": "2025-05-05T22:22:35.066296",
      "start_time": 10.0,
      "end_time": 16.0,
      "confidence": 1.0,
      "transcript": "It's kind of surprising it started raining out of nowhere."
    },
    {
      "conversation_index": 9,
      "timestamp": "2025-05-05T22:22:35.079422",
      "start_time": 16.0,
      "end_time": 19.0,
      "confidence": 1.0,
      "transcript": "It is crazy that it started raining out of nowhere."
    },
    {
      "conversation_index": 9,
      "timestamp": "2025-05-05T22:22:35.093294",
      "start_time": 19.0,
      "end_time": 23.0,
      "confidence": 1.0,
      "transcript": "The rain was pouring like cats and dogs."
    },
    {
      "conversation_index": 9,
      "timestamp": "2025-05-05T22:22:35.104393",
      "start_time": 23.0,
      "end_time": 25.0,
      "confidence": 1.0,
      "transcript": "I'm glad I had an umbrella."
    },
    {
      "conversation_index": 9,
      "timestamp": "2025-05-05T22:22:35.118294",
      "start_time": 25.0,
      "end_time": 28.0,
      "confidence": 1.0,
      "transcript": "Me too."
    },
    {
      "conversation_index": 9,
      "timestamp": "2025-05-05T22:22:35.131307",
      "start_time": 28.0,
      "end_time": 32.0,
      "confidence": 1.0,
      "transcript": "I wish I had an umbrella."
    },
    {
      "conversation_index": 9,
      "timestamp": "2025-05-05T22:22:35.146294",
      "start_time": 32.0,
      "end_time": 37.0,
      "confidence": 1.0,
      "transcript": "I wish I had a rainbow."
    },
    {
      "conversation_index": 9,
      "timestamp": "2025-05-05T22:22:35.157299",
      "start_time": 37.0,
      "end_time": 39.0,
      "confidence": 1.0,
      "transcript": "Okay, well good for you."
    },
    {
      "conversation_index": 9,
      "timestamp": "2025-05-05T22:22:35.170308",
      "start_time": 39.0,
      "end_time": 41.0,
      "confidence": 1.0,
      "transcript": "Goodbye now."
    },
    {
      "conversation_index": 9,
      "timestamp": "2025-05-05T22:22:35.183293",
      "start_time": 41.0,
      "end_time": 42.0,
      "confidence": 1.0,
      "transcript": "Bye."
    },
    {
      "conversation_index": 9,
      "timestamp": "2025-05-05T22:22:35.195290",
      "start_time": 42.0,
      "end_time": 44.0,
      "confidence": 1.0,
      "transcript": "Alright."
    },
    {
      "conversation_index": 11,
      "timestamp": "2025-05-05T22:34:34.977814",
      "start_time": 0.0,
      "end_time": 4.0,
      "confidence": 1.0,
      "transcript": "Here are Chita, how are you?"
    },
    {
      "conversation_index": 11,
      "timestamp": "2025-05-05T22:34:34.989814",
      "start_time": 6.0,
      "end_time": 13.0,
      "confidence": 1.0,
      "transcript": "I'm pretty good, you know, I've just been thinking and I really want to start running outside."
    },
    {
      "conversation_index": 11,
      "timestamp": "2025-05-05T22:34:35.000904",
      "start_time": 13.0,
      "end_time": 16.0,
      "confidence": 1.0,
      "transcript": "It's kind of hot right now though."
    },
    {
      "conversation_index": 11,
      "timestamp": "2025-05-05T22:34:35.006904",
      "start_time": 16.0,
      "end_time": 23.0,
      "confidence": 1.0,
      "transcript": "It is kind of hot, but I just like running and it seems really interesting."
    },
    {
      "conversation_index": 1,
      "timestamp": "2025-05-05T22:56:37.059771",
      "start_time": 0.0,
      "end_time": 4.0,
      "confidence": 1.0,
      "transcript": "Hello, hello Archita, how are you?"
    },
    {
      "conversation_index": 1,
      "timestamp": "2025-05-05T22:56:37.059771",
      "start_time": 4.0,
      "end_time": 6.0,
      "confidence": 1.0,
      "transcript": "Good, how are you?"
    },
    {
      "conversation_index": 1,
      "timestamp": "2025-05-05T22:56:37.059771",
      "start_time": 6.0,
      "end_time": 8.0,
      "confidence": 1.0,
      "transcript": "I'm doing pretty well, you?"
    },
    {
      "conversation_index": 1,
      "timestamp": "2025-05-05T22:56:37.077061",
      "start_time": 13.0,
      "end_time": 20.0,
      "confidence": 1.0,
      "transcript": "Well, it's cloudy outside now, so I can't really see how the weather is, but it's alright."
    },
    {
      "conversation_index": 1,
      "timestamp": "2025-05-05T22:56:37.082423",
      "start_time": 20.0,
      "end_time": 23.0,
      "confidence": 1.0,
      "transcript": "The apples were amazing today."
    },
    {
      "conversation_index": 1,
      "timestamp": "2025-05-05T22:56:37.088479",
      "start_time": 28.0,
      "end_time": 37.0,
      "confidence": 1.0,
      "transcript": "I also had turkey for dinner and a slice of chocolate cake. It was amazing."
    },
    {
      "conversation_index": 1,
      "timestamp": "2025-05-05T22:56:37.093254",
      "start_time": 37.0,
      "end_time": 40.0,
      "confidence": 1.0,
      "transcript": "Of course you did."
    },
    {
      "conversation_index": 1,
      "timestamp": "2025-05-05T22:56:37.096719",
      "start_time": 40.0,
      "end_time": 44.0,
      "confidence": 1.0,
      "transcript": "Alright, goodbye Archita."
    },
    {
      "conversation_index": 2,
      "timestamp": "2025-05-05T23:08:22.868745",
      "start_time": 0.0,
      "end_time": 2.0,
      "confidence": 1.0,
      "transcript": "Hi."
    },
    {
      "conversation_index": 2,
      "timestamp": "2025-05-05T23:08:22.881892",
      "start_time": 2.0,
      "end_time": 4.0,
      "confidence": 1.0,
      "transcript": "Hi."
    },
    {
      "conversation_index": 2,
      "timestamp": "2025-05-05T23:08:22.883906",
      "start_time": 4.0,
      "end_time": 7.0,
      "confidence": 1.0,
      "transcript": "Hi. I wonder what we're going to do tomorrow."
    },
    {
      "conversation_index": 2,
      "timestamp": "2025-05-05T23:08:22.899063",
      "start_time": 12.0,
      "end_time": 15.0,
      "confidence": 1.0,
      "transcript": "That's awesome. Let's go have fun tomorrow."
    },
    {
      "conversation_index": 2,
      "timestamp": "2025-05-05T23:08:22.904955",
      "start_time": 15.0,
      "end_time": 18.0,
      "confidence": 1.0,
      "transcript": "Where should we go have fun?"
    },
    {
      "conversation_index": 2,
      "timestamp": "2025-05-05T23:08:22.916068",
      "start_time": 20.0,
      "end_time": 21.0,
      "confidence": 1.0,
      "transcript": "Amazing."
    },
    {
      "conversation_index": 5,
      "timestamp": "2025-05-05T23:25:23.304938",
      "start_time": 0.0,
      "end_time": 5.0,
      "confidence": 1.0,
      "transcript": "Hmm, I'm thinking about starting my own bakery."
    },
    {
      "conversation_index": 5,
      "timestamp": "2025-05-05T23:25:23.306769",
      "start_time": 5.0,
      "end_time": 8.0,
      "confidence": 1.0,
      "transcript": "Why would you do that?"
    },
    {
      "conversation_index": 5,
      "timestamp": "2025-05-05T23:25:23.306769",
      "start_time": 15.0,
      "end_time": 17.0,
      "confidence": 1.0,
      "transcript": "It's conversation."
    },
    {
      "conversation_index": 6,
      "timestamp": "2025-05-05T23:27:17.998231",
      "start_time": 0.0,
      "end_time": 7.0,
      "confidence": 1.0,
      "transcript": "Hmm, I'm wondering where would be the best place to get my dog a haircut."
    },
    {
      "conversation_index": 6,
      "timestamp": "2025-05-05T23:27:18.009211",
      "start_time": 7.0,
      "end_time": 14.0,
      "confidence": 1.0,
      "transcript": "I don't think dogs need haircuts."
    },
    {
      "conversation_index": 6,
      "timestamp": "2025-05-05T23:27:18.018588",
      "start_time": 14.0,
      "end_time": 18.0,
      "confidence": 1.0,
      "transcript": "I'm gonna give my dog a fade."
    },
    {
      "conversation_index": 6,
      "timestamp": "2025-05-05T23:27:18.029471",
      "start_time": 18.0,
      "end_time": 22.0,
      "confidence": 1.0,
      "transcript": "I don't think that's good ownership."
    },
    {
      "conversation_index": 6,
      "timestamp": "2025-05-05T23:27:18.041734",
      "start_time": 22.0,
      "end_time": 26.0,
      "confidence": 1.0,
      "transcript": "Oh, it would look really cool though."
    }
  ],
  "embedding_index": 0,
  "embedding": [
    -0.987417459487915,
    0.006391565781086683,
    -0.029703913256525993,
    0.05395761877298355,
    -0.051874902099370956,
    -0.040739428251981735,
    0.07142800837755203,
    -0.028308289125561714,
    -0.059010185301303864,
    0.025359731167554855,
    -0.05382214114069939,
    0.0026156094390898943,
    -0.008693446405231953,
    0.006388362962752581,
    0.024875745177268982,
    -0.002320793690159917,
    -0.0060269515961408615,
    0.031191276386380196,
    -0.024134129285812378,
    -0.017551932483911514,
    0.019742382690310478,
    -0.009817889891564846,
    -0.003739649662747979,
    0.017471620813012123,
    -0.009654412046074867,
    -0.00011161505244672298,
    0.004484711680561304,
    0.009937182068824768,
    -0.006298125721514225,
    -0.0009011179790832102,
    0.004092741757631302,
    -0.002642455045133829,
    -0.0026131286285817623,
    0.004488516133278608,
    -0.008226163685321808,
    0.0034445261117070913,
    0.0007090371218509972,
    -0.0072923884727060795,
    -0.0022779700811952353,
    -0.0005805018008686602,
    -2.15324016608065e-05,
    -0.0006585446535609663,
    -0.00020107300952076912,
    -0.00022977271873969585,
    0.00019218136731069535,
    -0.0001821100158849731,
    -0.00010684765584301203,
    -4.720115248346701e-05,
    -5.334956949809566e-05,
    -0.0001706251932773739,
    4.146828723605722e-05,
    -0.00022520007041748613,
    0.00013466748350765556,
    4.331516902311705e-05,
    6.614682206418365e-05,
    0.0002254819992231205,
    6.154782022349536e-05,
    0.00010099832434207201,
    -0.0001704307651380077,
    -1.0837375157279894e-05,
    0.00012417961261235178,
    0.00013579896767623723,
    -0.0001770464878063649,
    0.00013149750884622335,
    0.00017605283937882632,
    -4.933806849294342e-05,
    2.3997236553441326e-07,
    -0.00012664128735195845,
    -0.00028431834653019905,
    -9.650772699387744e-05,
    -0.00023748177045490593,
    6.486390248028329e-06,
    -1.873108521976974e-05,
    -0.00011253517004661262,
    0.0002786221739370376,
    0.00021745703998021781,
    -0.00012000850983895361,
    -0.00017687426588963717,
    0.0002739916671998799,
    6.127435335656628e-05
  ],
  "spoken_to_count": 29,
  "not_spoken_to_count": 9
}